-- phpMyAdmin SQL Dump
-- version 4.5.1
-- http://www.phpmyadmin.net
--
-- Servidor: 127.0.0.1
-- Tiempo de generación: 11-10-2016 a las 03:05:04
-- Versión del servidor: 10.1.16-MariaDB
-- Versión de PHP: 7.0.9

SET SQL_MODE = "NO_AUTO_VALUE_ON_ZERO";
SET time_zone = "+00:00";


/*!40101 SET @OLD_CHARACTER_SET_CLIENT=@@CHARACTER_SET_CLIENT */;
/*!40101 SET @OLD_CHARACTER_SET_RESULTS=@@CHARACTER_SET_RESULTS */;
/*!40101 SET @OLD_COLLATION_CONNECTION=@@COLLATION_CONNECTION */;
/*!40101 SET NAMES utf8mb4 */;

--
-- Base de datos: `pokemon`
--

-- --------------------------------------------------------

--
-- Estructura de tabla para la tabla `pokemon`
--

CREATE TABLE `pokemon` (
  `id` int(11) NOT NULL,
  `nombre` varchar(30) NOT NULL,
  `peso` float NOT NULL,
  `altura` float NOT NULL,
  `pc` int(11) NOT NULL,
  `ps` int(11) NOT NULL,
  `polvos` int(11) NOT NULL,
  `imagen` varchar(50) NOT NULL,
  `created_at` timestamp NOT NULL DEFAULT CURRENT_TIMESTAMP ON UPDATE CURRENT_TIMESTAMP,
  `updated_at` timestamp NOT NULL DEFAULT '0000-00-00 00:00:00'
) ENGINE=InnoDB DEFAULT CHARSET=latin1;

--
-- Volcado de datos para la tabla `pokemon`
--

INSERT INTO `pokemon` (`id`, `nombre`, `peso`, `altura`, `pc`, `ps`, `polvos`, `imagen`, `created_at`, `updated_at`) VALUES
(4, 'Charmander', 10, 120, 500, 120, 100, '004_charmander.png', '2016-10-10 06:04:58', '2016-10-10 06:04:58'),
(7, 'Squirtle', 100, 200, 300, 400, 100, '007_squirtle.png', '2016-10-10 05:45:59', '2016-10-10 05:30:15'),
(16, 'Pidgey', 120, 200, 120, 300, 100, '016_pidgey.png', '2016-10-10 06:07:06', '2016-10-10 06:07:06'),
(21, 'Spearow', 56, 123, 290, 100, 100, '021_spearow.png', '2016-10-10 22:31:45', '2016-10-10 22:31:45'),
(25, 'Pikachu', 100, 200, 300, 400, 100, '025_pikachu.png', '2016-10-10 05:46:14', '2016-10-10 02:45:07'),
(37, 'Vulpix', 78, 109, 145, 214, 100, '037_vulpix.png', '2016-10-10 22:33:41', '2016-10-10 22:33:41'),
(41, 'Zubat', 7, 1, 81, 26, 100, '041_zubat.png', '2016-10-10 22:43:46', '2016-10-10 22:43:46'),
(42, 'Golbat', 51, 2, 958, 89, 100, '042_golbat.png', '2016-10-10 22:45:06', '2016-10-10 22:45:06'),
(54, 'Psyduck', 100, 100, 200, 120, 100, '054_psyduck.png', '2016-10-10 06:03:38', '2016-10-10 06:03:38'),
(55, 'Golduck', 100, 120, 100, 200, 100, '055_golduck.png', '2016-10-10 06:04:26', '2016-10-10 06:04:26'),
(58, 'Growlithe', 25, 1, 63, 591, 100, '058_growlithe.png', '2016-10-10 22:46:10', '2016-10-10 22:46:10'),
(60, 'Poliwag', 33, 15, 456, 12, 100, '060_poliwag.png', '2016-10-10 22:54:18', '2016-10-10 22:54:18'),
(72, 'Tentacool', 47, 1, 145, 29, 100, '072_tentacool.png', '2016-10-10 22:56:10', '2016-10-10 22:56:10'),
(74, 'Geodude', 30, 90, 150, 75, 100, '074_geodude.png', '2016-10-10 12:58:27', '2016-10-10 12:58:27'),
(77, 'Ponyta', 23, 1, 509, 43, 100, '077_ponyta.png', '2016-10-10 23:06:26', '2016-10-10 23:06:26'),
(79, 'Slowpoke', 36, 1, 300, 35, 100, '079_slowpoke.png', '2016-10-10 23:07:53', '2016-10-10 23:07:53'),
(81, 'Magnemite', 6, 1, 400, 65, 100, '081_magnemite.png', '2016-10-10 23:09:33', '2016-10-10 23:09:33'),
(83, 'Farfetchd', 15, 1, 400, 56, 100, '083_farfetchd.png', '2016-10-10 23:10:44', '2016-10-10 23:10:44'),
(84, 'Doduo', 39, 2, 400, 34, 100, '084_doduo.png', '2016-10-10 17:29:07', '2016-10-10 23:11:41'),
(86, 'Seel', 90, 1, 567, 23, 100, '086_seel.png', '2016-10-10 17:28:34', '2016-10-10 23:12:48'),
(90, 'Shellder', 4, 1, 700, 32, 100, '090_shellder.png', '2016-10-10 23:13:42', '2016-10-10 23:13:42'),
(95, 'onix', 78, 1, 123, 12, 100, '095_onix.png', '2016-10-10 23:21:31', '2016-10-10 23:21:31'),
(100, 'voltorb', 1, 10, 23, 233, 100, '100_voltorb.png', '2016-10-10 23:34:31', '2016-10-10 23:34:31'),
(111, 'Rhyhorn', 115, 1, 345, 17, 100, '111_rhyhorn.png', '2016-10-10 23:38:25', '2016-10-10 23:38:25'),
(118, 'Goldeen', 15, 1, 321, 45, 100, '118_goldeen.png', '2016-10-10 23:39:41', '2016-10-10 23:39:41'),
(123, 'Scyther', 56, 2, 678, 27, 100, '123_scyther.png', '2016-10-10 23:41:07', '2016-10-10 23:41:07'),
(125, 'Electabuzz', 30, 1, 469, 19, 100, '125_electabuzz.png', '2016-10-10 18:00:42', '2016-10-10 23:41:51'),
(126, 'Magmar', 45, 2, 347, 56, 100, '126_magmar.png', '2016-10-10 23:42:47', '2016-10-10 23:42:47'),
(134, 'Vaporeon', 29, 1, 987, 28, 100, '134_vaporeon.png', '2016-10-10 23:43:38', '2016-10-10 23:43:38'),
(135, 'Jolteon', 25, 1, 351, 31, 100, '135_jolteon.png', '2016-10-10 23:44:35', '2016-10-10 23:44:35'),
(136, 'Flareon', 30, 1, 942, 54, 100, '136_flareon.png', '2016-10-10 23:45:34', '2016-10-10 23:45:34'),
(138, 'Omanyte', 8, 1, 652, 42, 100, '138_omanyte.png', '2016-10-10 23:46:44', '2016-10-10 23:46:44'),
(141, 'Kanutops', 40, 2, 467, 43, 100, '141_kabutops.png', '2016-10-10 23:48:02', '2016-10-10 23:48:02'),
(144, 'Articuno', 55, 2, 489, 32, 100, '144_articuno.png', '2016-10-10 23:49:07', '2016-10-10 23:49:07'),
(145, 'Zapdos', 2, 56, 489, 32, 100, '145_zapdos.png', '2016-10-10 23:50:05', '2016-10-10 23:50:05'),
(146, 'Moltres', 60, 2, 789, 20, 100, '146_moltres.png', '2016-10-10 23:51:01', '2016-10-10 23:51:01'),
(179, 'Mareep', 8, 1, 489, 32, 100, '179_mareep.png', '2016-10-10 23:52:22', '2016-10-10 23:52:22'),
(185, 'Sudowoodo', 38, 1, 267, 31, 100, '185_sudowoodo.png', '2016-10-10 23:53:13', '2016-10-10 23:53:13'),
(246, 'Larvitar', 72, 1, 489, 20, 100, '246_larvitar.png', '2016-10-10 23:54:19', '2016-10-10 23:54:19'),
(304, 'Aron', 60, 1, 491, 28, 100, '304_Aron.png', '2016-10-10 23:55:19', '2016-10-10 23:55:19'),
(377, 'Regirock', 230, 2, 954, 18, 100, '377_regirock.png', '2016-10-10 23:56:28', '2016-10-10 23:56:28'),
(524, 'Roggenrola', 18, 1, 421, 29, 100, '524_roggenrola.png', '2016-10-10 23:57:28', '2016-10-10 23:57:28');

-- --------------------------------------------------------

--
-- Estructura de tabla para la tabla `pokemon_tipo`
--

CREATE TABLE `pokemon_tipo` (
  `id` int(11) NOT NULL,
  `idPokemon` int(11) NOT NULL,
  `idTipo` int(11) NOT NULL,
  `created_at` timestamp NOT NULL DEFAULT CURRENT_TIMESTAMP ON UPDATE CURRENT_TIMESTAMP,
  `updated_at` timestamp NOT NULL DEFAULT '0000-00-00 00:00:00'
) ENGINE=InnoDB DEFAULT CHARSET=latin1;

--
-- Volcado de datos para la tabla `pokemon_tipo`
--

INSERT INTO `pokemon_tipo` (`id`, `idPokemon`, `idTipo`, `created_at`, `updated_at`) VALUES
(1, 4, 7, '2016-10-10 07:02:50', '2016-10-10 06:04:59'),
(2, 7, 2, '2016-10-10 07:03:18', '2016-10-10 05:30:15'),
(3, 16, 18, '2016-10-10 07:04:06', '2016-10-10 06:07:06'),
(4, 25, 5, '2016-10-10 05:14:42', '2016-10-10 02:45:07'),
(5, 54, 2, '2016-10-10 07:05:06', '2016-10-10 06:03:38'),
(6, 55, 2, '2016-10-10 07:05:19', '2016-10-10 06:04:26'),
(7, 74, 14, '2016-10-10 12:58:27', '2016-10-10 12:58:27'),
(8, 74, 16, '2016-10-10 12:58:27', '2016-10-10 12:58:27'),
(9, 21, 18, '2016-10-10 22:31:45', '2016-10-10 22:31:45'),
(10, 37, 7, '2016-10-10 22:33:41', '2016-10-10 22:33:41'),
(11, 41, 17, '2016-10-10 22:43:46', '2016-10-10 22:43:46'),
(12, 41, 18, '2016-10-10 22:43:46', '2016-10-10 22:43:46'),
(13, 42, 17, '2016-10-10 22:45:07', '2016-10-10 22:45:07'),
(14, 42, 18, '2016-10-10 22:45:07', '2016-10-10 22:45:07'),
(15, 58, 7, '2016-10-10 22:46:10', '2016-10-10 22:46:10'),
(16, 60, 2, '2016-10-10 22:54:18', '2016-10-10 22:54:18'),
(17, 72, 2, '2016-10-10 22:56:10', '2016-10-10 22:56:10'),
(18, 72, 17, '2016-10-10 22:56:10', '2016-10-10 22:56:10'),
(19, 77, 7, '2016-10-10 23:06:26', '2016-10-10 23:06:26'),
(20, 79, 2, '2016-10-10 23:07:53', '2016-10-10 23:07:53'),
(21, 79, 13, '2016-10-10 23:07:53', '2016-10-10 23:07:53'),
(22, 81, 5, '2016-10-10 23:09:33', '2016-10-10 23:09:33'),
(23, 83, 11, '2016-10-10 23:10:44', '2016-10-10 23:10:44'),
(24, 83, 18, '2016-10-10 23:10:44', '2016-10-10 23:10:44'),
(25, 84, 11, '2016-10-10 23:11:41', '2016-10-10 23:11:41'),
(26, 84, 18, '2016-10-10 23:11:41', '2016-10-10 23:11:41'),
(27, 86, 2, '2016-10-10 23:12:48', '2016-10-10 23:12:48'),
(28, 90, 2, '2016-10-10 23:13:42', '2016-10-10 23:13:42'),
(29, 95, 14, '2016-10-10 23:21:31', '2016-10-10 23:21:31'),
(30, 95, 16, '2016-10-10 23:21:31', '2016-10-10 23:21:31'),
(31, 100, 5, '2016-10-10 23:34:31', '2016-10-10 23:34:31'),
(32, 111, 14, '2016-10-10 23:38:25', '2016-10-10 23:38:25'),
(33, 111, 16, '2016-10-10 23:38:25', '2016-10-10 23:38:25'),
(34, 118, 2, '2016-10-10 23:39:41', '2016-10-10 23:39:41'),
(35, 123, 3, '2016-10-10 23:41:07', '2016-10-10 23:41:07'),
(36, 123, 18, '2016-10-10 23:41:08', '2016-10-10 23:41:08'),
(37, 0, 5, '2016-10-10 23:41:51', '2016-10-10 23:41:51'),
(38, 126, 7, '2016-10-10 23:42:47', '2016-10-10 23:42:47'),
(39, 134, 2, '2016-10-10 23:43:38', '2016-10-10 23:43:38'),
(40, 135, 5, '2016-10-10 23:44:35', '2016-10-10 23:44:35'),
(41, 136, 7, '2016-10-10 23:45:34', '2016-10-10 23:45:34'),
(42, 138, 2, '2016-10-10 23:46:44', '2016-10-10 23:46:44'),
(43, 138, 14, '2016-10-10 23:46:44', '2016-10-10 23:46:44'),
(44, 141, 2, '2016-10-10 23:48:02', '2016-10-10 23:48:02'),
(45, 141, 14, '2016-10-10 23:48:02', '2016-10-10 23:48:02'),
(46, 144, 9, '2016-10-10 23:49:07', '2016-10-10 23:49:07'),
(47, 144, 18, '2016-10-10 23:49:07', '2016-10-10 23:49:07'),
(48, 145, 5, '2016-10-10 23:50:05', '2016-10-10 23:50:05'),
(49, 145, 18, '2016-10-10 23:50:05', '2016-10-10 23:50:05'),
(50, 146, 7, '2016-10-10 23:51:01', '2016-10-10 23:51:01'),
(51, 146, 18, '2016-10-10 23:51:01', '2016-10-10 23:51:01'),
(52, 179, 5, '2016-10-10 23:52:22', '2016-10-10 23:52:22'),
(53, 185, 14, '2016-10-10 23:53:14', '2016-10-10 23:53:14'),
(54, 246, 14, '2016-10-10 23:54:20', '2016-10-10 23:54:20'),
(55, 246, 16, '2016-10-10 23:54:20', '2016-10-10 23:54:20'),
(56, 304, 1, '2016-10-10 23:55:19', '2016-10-10 23:55:19'),
(57, 304, 14, '2016-10-10 23:55:19', '2016-10-10 23:55:19'),
(58, 377, 14, '2016-10-10 23:56:28', '2016-10-10 23:56:28'),
(59, 524, 14, '2016-10-10 23:57:28', '2016-10-10 23:57:28');

-- --------------------------------------------------------

--
-- Estructura de tabla para la tabla `tipo`
--

CREATE TABLE `tipo` (
  `id` int(11) NOT NULL,
  `nombre` varchar(20) NOT NULL,
  `created_at` timestamp NOT NULL DEFAULT CURRENT_TIMESTAMP ON UPDATE CURRENT_TIMESTAMP,
  `updated_at` timestamp NOT NULL DEFAULT '0000-00-00 00:00:00'
) ENGINE=InnoDB DEFAULT CHARSET=latin1;

--
-- Volcado de datos para la tabla `tipo`
--

INSERT INTO `tipo` (`id`, `nombre`, `created_at`, `updated_at`) VALUES
(1, 'Acero', '2016-09-18 07:49:34', '2016-09-18 07:49:34'),
(2, 'Agua', '2016-09-18 07:49:45', '2016-09-18 07:49:45'),
(3, 'Bicho', '2016-09-18 07:49:50', '2016-09-18 07:49:50'),
(4, 'Dragón', '2016-09-18 07:50:02', '2016-09-18 07:50:02'),
(5, 'Eléctrico', '2016-09-18 07:50:13', '2016-09-18 07:50:13'),
(6, 'Fantasma', '2016-09-18 07:50:17', '2016-09-18 07:50:17'),
(7, 'Fuego', '2016-09-18 07:50:25', '2016-09-18 07:50:25'),
(8, 'Hada', '2016-09-18 07:50:29', '2016-09-18 07:50:29'),
(9, 'Hielo', '2016-09-18 07:50:33', '2016-09-18 07:50:33'),
(10, 'Lucha', '2016-09-18 07:50:40', '2016-09-18 07:50:40'),
(11, 'Normal', '2016-09-18 07:50:44', '2016-09-18 07:50:44'),
(12, 'Planta', '2016-09-18 07:50:48', '2016-09-18 07:50:48'),
(13, 'Psíquico', '2016-09-18 07:51:03', '2016-09-18 07:51:03'),
(14, 'Roca', '2016-09-18 07:51:11', '2016-09-18 07:51:11'),
(15, 'Siniestro', '2016-09-18 07:51:15', '2016-09-18 07:51:15'),
(16, 'Tierra', '2016-09-18 07:51:19', '2016-09-18 07:51:19'),
(17, 'Veneno', '2016-09-18 07:51:26', '2016-09-18 07:51:26'),
(18, 'Volador', '2016-09-18 07:51:30', '2016-09-18 07:51:30');

--
-- Índices para tablas volcadas
--

--
-- Indices de la tabla `pokemon`
--
ALTER TABLE `pokemon`
  ADD PRIMARY KEY (`id`);

--
-- Indices de la tabla `pokemon_tipo`
--
ALTER TABLE `pokemon_tipo`
  ADD PRIMARY KEY (`id`),
  ADD KEY `tipo` (`idTipo`);

--
-- Indices de la tabla `tipo`
--
ALTER TABLE `tipo`
  ADD PRIMARY KEY (`id`);

--
-- AUTO_INCREMENT de las tablas volcadas
--

--
-- AUTO_INCREMENT de la tabla `pokemon_tipo`
--
ALTER TABLE `pokemon_tipo`
  MODIFY `id` int(11) NOT NULL AUTO_INCREMENT, AUTO_INCREMENT=60;
--
-- AUTO_INCREMENT de la tabla `tipo`
--
ALTER TABLE `tipo`
  MODIFY `id` int(11) NOT NULL AUTO_INCREMENT, AUTO_INCREMENT=19;
/*!40101 SET CHARACTER_SET_CLIENT=@OLD_CHARACTER_SET_CLIENT */;
/*!40101 SET CHARACTER_SET_RESULTS=@OLD_CHARACTER_SET_RESULTS */;
/*!40101 SET COLLATION_CONNECTION=@OLD_COLLATION_CONNECTION */;
